{
 "song": {
  "player1": "bf-pixel",
  "player2": "bf-pixel",
  "notes": [
   {
    "lengthInSteps": 16,
    "typeOfSection": 0,
    "sectionNotes": [
     [
      0,
      0,
      83,
      0,
      1
     ],
     [
      0,
      1,
      83,
      0,
      1
     ],
     [
      0,
      2,
      83,
      0,
      1
     ],
     [
      0,
      3,
      83,
      0,
      1
     ],
     [
      666,
      7,
      0,
      0,
      0
     ],
     [
      749,
      6,
      0,
      0,
      0
     ],
     [
      833,
      7,
      0,
      0,
      0
     ],
     [
      999,
      4,
      0,
      0,
      0
     ],
     [
      1083,
      5,
      0,
      0,
      0
     ],
     [
      1249,
      6,
      0,
      0,
      0
     ],
     [
      0,
      -1,
      0,
      "setDefaultCamZoom",
      "0.98",
      "0.98"
     ]
    ],
    "altAnim": false,
    "bpm": 150,
    "changeBPM": false,
    "mustHitSection": false
   },
   {
    "lengthInSteps": 16,
    "typeOfSection": 0,
    "sectionNotes": [
     [
      2083,
      2,
      0,
      0,
      0
     ],
     [
      2250,
      2,
      0,
      0,
      0
     ],
     [
      2166,
      0,
      0,
      0,
      0
     ],
     [
      1916,
      1,
      0,
      0,
      0
     ],
     [
      2416,
      3,
      0,
      0,
      0
     ],
     [
      2500,
      2,
      0,
      0,
      0
     ],
     [
      1500,
      2,
      0,
      0,
      0
     ],
     [
      1666.66666666667,
      3,
      0,
      0,
      0
     ],
     [
      1416.66666666667,
      3,
      0,
      0,
      0
     ]
    ],
    "altAnim": false,
    "bpm": 150,
    "changeBPM": false,
    "mustHitSection": true
   },
   {
    "lengthInSteps": 16,
    "typeOfSection": 0,
    "sectionNotes": [
     [
      2666,
      0,
      0,
      0,
      0
     ],
     [
      2750,
      1,
      0,
      0,
      0
     ],
     [
      2916,
      3,
      0,
      0,
      0
     ],
     [
      3083,
      2,
      0,
      0,
      0
     ],
     [
      3250,
      0,
      0,
      0,
      0
     ],
     [
      3333,
      1,
      0,
      0,
      0
     ],
     [
      3500,
      2,
      0,
      0,
      0
     ],
     [
      3750,
      2,
      0,
      0,
      0
     ],
     [
      3833,
      2,
      0,
      0,
      0
     ],
     [
      3916,
      0,
      0,
      0,
      0
     ]
    ],
    "altAnim": false,
    "bpm": 150,
    "changeBPM": false,
    "mustHitSection": true
   },
   {
    "lengthInSteps": 16,
    "typeOfSection": 0,
    "sectionNotes": [
     [
      4166,
      3,
      0,
      0,
      0
     ],
     [
      4250,
      1,
      0,
      0,
      0
     ],
     [
      4416,
      3,
      0,
      0,
      0
     ],
     [
      4500,
      0,
      0,
      0,
      0
     ],
     [
      4083,
      2,
      0,
      0,
      0
     ],
     [
      4750,
      2,
      0,
      0,
      0
     ],
     [
      4916,
      3,
      0,
      0,
      0
     ],
     [
      5000,
      1,
      0,
      0,
      0
     ],
     [
      5166,
      0,
      0,
      0,
      0
     ]
    ],
    "altAnim": false,
    "bpm": 180,
    "changeBPM": false,
    "mustHitSection": true
   },
   {
    "lengthInSteps": 16,
    "typeOfSection": 0,
    "sectionNotes": [
     [
      5416,
      7,
      0,
      0,
      0
     ],
     [
      5833,
      5,
      333,
      0,
      0
     ],
     [
      5583.33333333333,
      6,
      0,
      0,
      0
     ],
     [
      5666.66666666667,
      7,
      0,
      0,
      0
     ],
     [
      5500,
      4,
      0,
      0,
      0
     ],
     [
      5833.33333333333,
      4,
      1083.33333333333,
      0,
      0
     ],
     [
      5833.33333333333,
      0,
      916.666666666667,
      0,
      1
     ],
     [
      5833.33333333333,
      3,
      0,
      0,
      1
     ],
     [
      5833.33333333333,
      -1,
      0,
      "setCamAngle",
      "12",
      "default"
     ],
     [
      5750,
      -1,
      0,
      "FlashCam",
      "255,255,255",
      "default"
     ],
     [
      5916.66666666667,
      -1,
      0,
      "setDefaultCamZoom",
      "1.5",
      ""
     ],
     [
      6000,
      -1,
      0,
      "ChangeSubtitle",
      "diia",
      ""
     ],
     [
      6083.33333333333,
      -1,
      0,
      "setCamAngle",
      "22",
      "camhud"
     ],
     [
      5666.66666666667,
      -1,
      0,
      "setDefaultCamZoom",
      "1.4",
      "1.4"
     ]
    ],
    "altAnim": false,
    "bpm": 180,
    "changeBPM": false,
    "mustHitSection": false
   },
   {
    "lengthInSteps": 16,
    "typeOfSection": 0,
    "sectionNotes": [
     [
      7864.58333333333,
      2,
      0,
      0,
      1
     ],
     [
      7837.5,
      2,
      0,
      0,
      1
     ],
     [
      7810.41666666667,
      2,
      0,
      0,
      1
     ],
     [
      7779.16666666667,
      2,
      0,
      0,
      1
     ],
     [
      7766.66666666667,
      2,
      0,
      0,
      1
     ],
     [
      7735.41666666667,
      2,
      0,
      0,
      1
     ],
     [
      7729.16666666667,
      2,
      0,
      0,
      1
     ],
     [
      7714.58333333333,
      2,
      0,
      0,
      1
     ],
     [
      7710.41666666667,
      2,
      0,
      0,
      1
     ],
     [
      7697.91666666667,
      2,
      0,
      0,
      1
     ],
     [
      7679.16666666667,
      2,
      0,
      0,
      1
     ],
     [
      7625,
      2,
      0,
      0,
      1
     ],
     [
      7614.58333333333,
      2,
      0,
      0,
      1
     ],
     [
      7604.16666666667,
      2,
      0,
      0,
      1
     ],
     [
      7589.58333333333,
      2,
      0,
      0,
      1
     ],
     [
      7577.08333333333,
      2,
      0,
      0,
      1
     ],
     [
      7545.83333333333,
      2,
      0,
      0,
      1
     ],
     [
      7545.83333333333,
      2,
      0,
      0,
      1
     ],
     [
      7504.16666666667,
      2,
      0,
      0,
      1
     ],
     [
      7479.16666666667,
      2,
      0,
      0,
      1
     ],
     [
      7475,
      2,
      0,
      0,
      1
     ],
     [
      7450,
      2,
      0,
      0,
      1
     ],
     [
      7431.25,
      2,
      0,
      0,
      1
     ],
     [
      7410.41666666667,
      2,
      0,
      0,
      1
     ],
     [
      7166.66666666667,
      -1,
      0,
      "setCamAngle",
      "-12",
      "default"
     ],
     [
      7250,
      -1,
      0,
      "setCamAngle",
      "-22",
      "camhud"
     ],
     [
      7389.58333333333,
      2,
      0,
      0,
      0
     ],
     [
      7366.66666666667,
      2,
      0,
      0,
      0
     ],
     [
      7345.83333333333,
      2,
      0,
      0,
      0
     ],
     [
      7329.16666666667,
      2,
      0,
      0,
      0
     ],
     [
      7316.66666666667,
      2,
      0,
      0,
      0
     ],
     [
      7291.66666666667,
      2,
      0,
      0,
      0
     ],
     [
      7270.83333333333,
      2,
      0,
      0,
      0
     ],
     [
      7260.41666666667,
      2,
      0,
      0,
      0
     ],
     [
      7245.83333333333,
      2,
      0,
      0,
      0
     ],
     [
      7235.41666666667,
      2,
      0,
      0,
      0
     ],
     [
      7231.25,
      2,
      0,
      0,
      0
     ],
     [
      7166.66666666667,
      2,
      750,
      0,
      0
     ]
    ],
    "altAnim": false,
    "bpm": 180,
    "changeBPM": false,
    "mustHitSection": false
   },
   {
    "lengthInSteps": 16,
    "typeOfSection": 0,